Model,Accuracy,Precision,Recall,F1-Score,AUC-ROC
Logistic Regression,0.7195121951219512,0.43478260869565216,0.5,0.46511627906976744,0.7064516129032258
Random Forest,0.8048780487804879,0.8333333333333334,0.25,0.38461538461538464,0.6737903225806452
XGBoost (Baseline),0.7317073170731707,0.4375,0.35,0.3888888888888889,0.707258064516129
XGBoost (Tuned & Optimized),0.7073170731707317,0.35714285714285715,0.25,0.29411764705882354,0.6846774193548387
